,cluster_id,movie_id,info,ranking_score
0,3,801,"Air Up There, The (1994)|Comedy|",1.7995709974466398
1,3,1182,Cops and Robbersons (1994)|Comedy|,1.8340033092408903
2,3,415,"Apple Dumpling Gang, The (1975)|Children's|Comedy|Western|",1.8955517205765704
3,3,1249,For Love or Money (1993)|Comedy|,1.938471554008937
4,3,1032,Little Big League (1994)|Children's|Comedy|,1.9631618286029897
5,3,1224,"Scout, The (1994)|Drama|",2.0762650278553583
6,3,1180,I Love Trouble (1994)|Action|Comedy|,2.088768191131231
7,3,1076,"Pagemaster, The (1994)|Action|Adventure|Animation|Children's|Fantasy|",2.099794733411358
8,3,281,"River Wild, The (1994)|Action|Thriller|",2.101949066935123
9,3,876,Money Talks (1997)|Action|Comedy|,2.1124868406993116
10,3,1415,"Next Karate Kid, The (1994)|Action|Children's|",2.1172411287296584
11,3,376,Houseguest (1994)|Comedy|,2.1220919919002195
12,3,1480,Herbie Rides Again (1974)|Adventure|Children's|Comedy|,2.133311550356996
13,3,808,"Program, The (1993)|Action|Drama|",2.1397197399412784
14,3,54,Outbreak (1995)|Action|Drama|Thriller|,2.1437844502566583
15,3,1244,Metro (1997)|Action|,2.1469137881876836
16,3,1055,"Simple Twist of Fate, A (1994)|Drama|",2.164640093143362
17,3,926,Down Periscope (1996)|Comedy|,2.1958379602722644
18,3,779,Drop Zone (1994)|Action|,2.199904023198866
19,3,1000,Lightning Jack (1994)|Comedy|Western|,2.204200853657437
